Name,data
United Hospital Limited,"LINK: https://www.google.com/maps/search/?api=1&query=United+Hospital+Dhaka+Bangladesh ADDRESS: Plot 15, Road 71, Gulshan-2, Dhaka 1212"
Z.H. Sikder Women's Medical College & Hospital ,"LINK: https://www.google.com/maps/search/?api=1&query=Z+H+Sikder+Womens+Medical+College+and+Hospital+Dhaka+Bangladesh ADDRESS: House 1, Road 123, Gulshan-2, Dhaka 1212 (Gulshan branch)"
LabAid Diagnostic ,"LINK: https://www.google.com/maps/search/?api=1&query=Labaid+Diagnostic+Dhaka+Bangladesh ADDRESS: Gulshan-2, Dhaka (LabAid Gulshan branch)"
Promident Dental Clinic ,"LINK: https://www.google.com/maps/search/?api=1&query=Promident+Dental+Clinic+Dhaka+Bangladesh ADDRESS: Gulshan-2, Dhaka (Prominent Dental Clinic area)"
Este Medical Bangladesh ,"LINK: https://www.google.com/maps/search/?api=1&query=Este+Medical+Bangladesh+Dhaka+Bangladesh ADDRESS: Gulshan, Dhaka (Este Medical clinic)"
Gulshan Physiotherapy & Fitness Centre,"LINK: https://www.google.com/maps/search/?api=1&query=Gulshan+Physiotherapy+and+Fitness+Centre+Dhaka+Bangladesh ADDRESS: Gulshan-2, Dhaka"
Mukti Clinic (Gulshan),"LINK: https://www.google.com/maps/search/?api=1&query=Mukti+Clinic+Dhaka+Bangladesh ADDRESS: Gulshan-2, Dhaka"
Square Hospitals (Gulshan centre/clinic),"LINK: https://www.google.com/maps/search/?api=1&query=Square+Hospitals+Dhaka+Bangladesh ADDRESS: Gulshan-2, Dhaka (Square diagnostic/outpatient center)"
City Dental Care Gulshan,"LINK: https://www.google.com/maps/search/?api=1&query=City+Dental+Care+Dhaka+Bangladesh ADDRESS: Gulshan, Dhaka (address to be verified)"
Gulshan Medical Center,"LINK: https://www.google.com/maps/search/?api=1&query=Gulshan+Medical+Center+Dhaka+Bangladesh ADDRESS: Gulshan, Dhaka (address to be verified)"
Carewell Clinic Gulshan,"LINK: https://www.google.com/maps/search/?api=1&query=Carewell+Clinic+Dhaka+Bangladesh ADDRESS: Gulshan, Dhaka (address to be verified)"
Advance Medi Clinic Gulshan,"LINK: https://www.google.com/maps/search/?api=1&query=Advance+Medi+Clinic+Dhaka+Bangladesh ADDRESS: Gulshan, Dhaka (address to be verified)"
American International School Dhaka (AISD),"LINK: https://www.google.com/maps/search/?api=1&query=American+International+School+Dhaka+Dhaka+Bangladesh ADDRESS: 12 United Nations Road (Baridhara / near Gulshan), Dhaka 1212"
Australian International School Dhaka (AUSIS),"LINK: https://www.google.com/maps/search/?api=1&query=Australian+International+School+Dhaka+Dhaka+Bangladesh ADDRESS: Diplomatic Area, Gulshan-2, Dhaka 1212"
Springdale International School (Gulshan),"LINK: https://www.google.com/maps/search/?api=1&query=Springdale+International+School+Dhaka+Bangladesh ADDRESS: Gulshan-2, Dhaka"
Scholastica (Gulshan campus),"LINK: https://www.google.com/maps/search/?api=1&query=Scholastica+Dhaka+Bangladesh ADDRESS: Gulshan-2, Dhaka (Scholastica campus)"
Manarat Dhaka International School (Gulshan campus),"LINK: https://www.google.com/maps/search/?api=1&query=Manarat+Dhaka+International+School+Dhaka+Bangladesh ADDRESS: Gulshan area, Dhaka"
American Standard International School (Gulshan),"LINK: https://www.google.com/maps/search/?api=1&query=American+Standard+International+School+Dhaka+Bangladesh ADDRESS: House 10, Road 53, Gulshan-2, Dhaka"
Holy Crescent International School (Gulshan),"LINK: https://www.google.com/maps/search/?api=1&query=Holy+Crescent+International+School+Dhaka+Bangladesh ADDRESS: House 18, Road 9, Gulshan-1, Dhaka 1212"
Gulshan Model High School & College,"LINK: https://www.google.com/maps/search/?api=1&query=Gulshan+Model+High+School+and+College+Dhaka+Bangladesh ADDRESS: Gulshan, Dhaka"
International School Dhaka (ISD) - (near Gulshan),"LINK: https://www.google.com/maps/search/?api=1&query=International+School+Dhaka+Dhaka+Bangladesh ADDRESS: Gulshan, Dhaka (address to be verified)"
South Breeze School (Gulshan area),"LINK: https://www.google.com/maps/search/?api=1&query=South+Breeze+School+Dhaka+Bangladesh ADDRESS: Gulshan, Dhaka (address to be verified)"
St. Francis Xavier's (SFX) College - Gulshan area,"LINK: https://www.google.com/maps/search/?api=1&query=St+Francis+Xavier+College+Dhaka+Bangladesh ADDRESS: Gulshan, Dhaka (address to be verified)"
Aga Khan School (Dhaka) - Gulshan/nearby listing,"LINK: https://www.google.com/maps/search/?api=1&query=Aga+Khan+School+Dhaka+Bangladesh ADDRESS: Gulshan, Dhaka (address to be verified)"
Cambridge International School (Gulshan branch),"LINK: https://www.google.com/maps/search/?api=1&query=Cambridge+International+School+Dhaka+Bangladesh ADDRESS: Gulshan, Dhaka (address to be verified)"
International Hope School (Gulshan),"LINK: https://www.google.com/maps/search/?api=1&query=International+Hope+School+Dhaka+Bangladesh ADDRESS: Gulshan, Dhaka (address to be verified)"
Global Institute of Language & Culture (Gulshan),"LINK: https://www.google.com/maps/search/?api=1&query=Global+Institute+of+Language+and+Culture+Dhaka+Bangladesh ADDRESS: Gulshan, Dhaka (address to be verified)"
British School Dhaka (Gulshan - partner listing),"LINK: https://www.google.com/maps/search/?api=1&query=British+School+Dhaka+Dhaka+Bangladesh ADDRESS: Gulshan, Dhaka (address to be verified)"
Royal Grammar School (Gulshan training center),"LINK: https://www.google.com/maps/search/?api=1&query=Royal+Grammar+School+Dhaka+Bangladesh ADDRESS: Gulshan, Dhaka (address to be verified)"
Bangladesh Institute of Modern Studies (Gulshan),"LINK: https://www.google.com/maps/search/?api=1&query=Bangladesh+Institute+of+Modern+Studies+Dhaka+Bangladesh ADDRESS: Gulshan, Dhaka (address to be verified)"
Capital School & College (Gulshan branch),"LINK: https://www.google.com/maps/search/?api=1&query=Capital+School+and+College+Dhaka+Bangladesh ADDRESS: Gulshan, Dhaka (address to be verified)"
Bright Future School (Gulshan),"LINK: https://www.google.com/maps/search/?api=1&query=Bright+Future+School+Dhaka+Bangladesh ADDRESS: Gulshan, Dhaka (address to be verified)"
Future Leaders Academy (Gulshan),"LINK: https://www.google.com/maps/search/?api=1&query=Future+Leaders+Academy+Dhaka+Bangladesh ADDRESS: Gulshan, Dhaka (address to be verified)"
City Montessori (Gulshan coaching center),"LINK: https://www.google.com/maps/search/?api=1&query=City+Montessori+Dhaka+Bangladesh ADDRESS: Gulshan, Dhaka (address to be verified)"
Elite International School (Gulshan),"LINK: https://www.google.com/maps/search/?api=1&query=Elite+International+School+Dhaka+Bangladesh ADDRESS: Gulshan, Dhaka (address to be verified)"
Cambridge School of Business (Gulshan),"LINK: https://www.google.com/maps/search/?api=1&query=Cambridge+School+of+Business+Dhaka+Bangladesh ADDRESS: Gulshan, Dhaka (address to be verified)"
Creative Kids Kindergarten (Gulshan),"LINK: https://www.google.com/maps/search/?api=1&query=Creative+Kids+Kindergarten+Dhaka+Bangladesh ADDRESS: Gulshan, Dhaka (address to be verified)"
TechEd Institute (Gulshan training center),"LINK: https://www.google.com/maps/search/?api=1&query=TechEd+Institute+Dhaka+Bangladesh ADDRESS: Gulshan, Dhaka (address to be verified)"
Urban Scholars Academy (Gulshan),"LINK: https://www.google.com/maps/search/?api=1&query=Urban+Scholars+Academy+Dhaka+Bangladesh ADDRESS: Gulshan, Dhaka (address to be verified)"
Gulshan Language School,"LINK: https://www.google.com/maps/search/?api=1&query=Gulshan+Language+School+Dhaka+Bangladesh ADDRESS: Gulshan, Dhaka (address to be verified)"
Excel Education Centre (Gulshan),"LINK: https://www.google.com/maps/search/?api=1&query=Excel+Education+Centre+Dhaka+Bangladesh ADDRESS: Gulshan, Dhaka (address to be verified)"
National Coaching Centre (Gulshan),"LINK: https://www.google.com/maps/search/?api=1&query=National+Coaching+Centre+Dhaka+Bangladesh ADDRESS: Gulshan, Dhaka (address to be verified)"
Scholars' International (Gulshan),"LINK: https://www.google.com/maps/search/?api=1&query=Scholars+International+Dhaka+Bangladesh ADDRESS: Gulshan, Dhaka (address to be verified)"
Prime Tutorial (Gulshan),"LINK: https://www.google.com/maps/search/?api=1&query=Prime+Tutorial+Dhaka+Bangladesh ADDRESS: Gulshan, Dhaka (address to be verified)"
Excel International College (Gulshan),"LINK: https://www.google.com/maps/search/?api=1&query=Excel+International+College+Dhaka+Bangladesh ADDRESS: Gulshan, Dhaka (address to be verified)"
Global Prep School (Gulshan),"LINK: https://www.google.com/maps/search/?api=1&query=Global+Prep+School+Dhaka+Bangladesh ADDRESS: Gulshan, Dhaka (address to be verified)"
Dhaka Business School (Gulshan center),"LINK: https://www.google.com/maps/search/?api=1&query=Dhaka+Business+School+Dhaka+Bangladesh ADDRESS: Gulshan, Dhaka (address to be verified)"
Metro International School (Gulshan),"LINK: https://www.google.com/maps/search/?api=1&query=Metro+International+School+Dhaka+Bangladesh ADDRESS: Gulshan, Dhaka (address to be verified)"
Capstone School Dhaka (Gulshan listing),"LINK: https://www.google.com/maps/search/?api=1&query=Capstone+School+Dhaka+Bangladesh ADDRESS: Gulshan, Dhaka (address to be verified)"
Global Montessori (Gulshan),"LINK: https://www.google.com/maps/search/?api=1&query=Global+Montessori+Dhaka+Bangladesh ADDRESS: Gulshan, Dhaka (address to be verified)"
Bright Horizons Academy (Gulshan),"LINK: https://www.google.com/maps/search/?api=1&query=Bright+Horizons+Academy+Dhaka+Bangladesh ADDRESS: Gulshan, Dhaka (address to be verified)"
Navana Tower (Gulshan Avenue),"LINK: https://www.google.com/maps/search/?api=1&query=Navana+Tower+Dhaka+Bangladesh ADDRESS: 45, Gulshan Avenue, Gulshan-1, Dhaka 1212 (Navana Tower)"
Khandker Tower (Gulshan),"LINK: https://www.google.com/maps/search/?api=1&query=Khandker+Tower+Dhaka+Bangladesh ADDRESS: 94 Gulshan Avenue, Gulshan-2, Dhaka 1212 (Khandker Tower)"
UN House (Gulshan),"LINK: https://www.google.com/maps/search/?api=1&query=UN+House+Dhaka+Bangladesh ADDRESS: House 1, Road 86 & 88, Gulshan-2, Dhaka 1212 (UN House)"
Agni Systems Limited (Navana Tower),"LINK: https://www.google.com/maps/search/?api=1&query=Agni+Systems+Limited+Dhaka+Bangladesh ADDRESS: 45, Gulshan Avenue, Navana Tower, Gulshan-1, Dhaka 1212"
Flyte Solutions Ltd (Gulshan),"LINK: https://www.google.com/maps/search/?api=1&query=Flyte+Solutions+Ltd+Dhaka+Bangladesh ADDRESS: Gulshan-1, Dhaka (Flyte Solutions office)"
Tangram Tech Solutions Ltd (Gulshan),"LINK: https://www.google.com/maps/search/?api=1&query=Tangram+Tech+Solutions+Ltd+Dhaka+Bangladesh ADDRESS: Gulshan, Dhaka (address to be verified)"
BD Tasker Limited (Gulshan listing),"LINK: https://www.google.com/maps/search/?api=1&query=BD+Tasker+Limited+Dhaka+Bangladesh ADDRESS: Gulshan, Dhaka (address to be verified)"
Tally Solutions BD (Gulshan office),"LINK: https://www.google.com/maps/search/?api=1&query=Tally+Solutions+BD+Dhaka+Bangladesh ADDRESS: Gulshan, Dhaka (address to be verified)"
Robi Axiata Ltd (Gulshan branch),"LINK: https://www.google.com/maps/search/?api=1&query=Robi+Axiata+Ltd+Dhaka+Bangladesh ADDRESS: Gulshan-2, Dhaka (Robi office/branch)"
Grameenphone Corporate (Gulshan office listing),"LINK: https://www.google.com/maps/search/?api=1&query=Grameenphone+Corporate+Office+Dhaka+Bangladesh ADDRESS: Gulshan-2, Dhaka (Grameenphone office)"
bKash Ltd (Gulshan office),"LINK: https://www.google.com/maps/search/?api=1&query=bKash+Ltd+Dhaka+Bangladesh ADDRESS: Gulshan-2, Dhaka (bKash office)"
Standard Chartered Bank Gulshan Corporate Branch,"LINK: https://www.google.com/maps/search/?api=1&query=Standard+Chartered+Bank+Corporate+Branch+Dhaka+Bangladesh ADDRESS: Gulshan-1 / Gulshan-2 area, Dhaka (Standard Chartered branch)"
HSBC Bangladesh (Gulshan branch),"LINK: https://www.google.com/maps/search/?api=1&query=HSBC+Bangladesh+Dhaka+Bangladesh ADDRESS: Gulshan-2, Dhaka"
Dhaka Bank Corporate Office (Gulshan),"LINK: https://www.google.com/maps/search/?api=1&query=Dhaka+Bank+Corporate+Office+Dhaka+Bangladesh ADDRESS: Gulshan, Dhaka (address to be verified)"
BRAC University Admissions Office (Gulshan center),"LINK: https://www.google.com/maps/search/?api=1&query=BRAC+University+Admissions+Office+Dhaka+Bangladesh ADDRESS: Gulshan, Dhaka (address to be verified)"
Rahimafrooz Renewable Energy (Gulshan office),"LINK: https://www.google.com/maps/search/?api=1&query=Rahimafrooz+Renewable+Energy+Dhaka+Bangladesh ADDRESS: Gulshan, Dhaka (address to be verified)"
Ahsan Group Limited (Gulshan office),"LINK: https://www.google.com/maps/search/?api=1&query=Ahsan+Group+Limited+Dhaka+Bangladesh ADDRESS: Gulshan, Dhaka (address to be verified)"
Ananta Group (Gulshan office),"LINK: https://www.google.com/maps/search/?api=1&query=Ananta+Group+Dhaka+Bangladesh ADDRESS: Gulshan, Dhaka (address to be verified)"
BD Finance Corporation (Gulshan branch),"LINK: https://www.google.com/maps/search/?api=1&query=BD+Finance+Corporation+Dhaka+Bangladesh ADDRESS: Gulshan, Dhaka (address to be verified)"
Banglalink Corporate Office (Gulshan listing),"LINK: https://www.google.com/maps/search/?api=1&query=Banglalink+Corporate+Office+Dhaka+Bangladesh ADDRESS: Gulshan, Dhaka (address to be verified)"
Chevron Bangladesh (Gulshan office/listing),"LINK: https://www.google.com/maps/search/?api=1&query=Chevron+Bangladesh+Dhaka+Bangladesh ADDRESS: Gulshan, Dhaka (address to be verified)"
Chevron Lubricants Office (Gulshan),"LINK: https://www.google.com/maps/search/?api=1&query=Chevron+Lubricants+Office+Dhaka+Bangladesh ADDRESS: Gulshan, Dhaka (address to be verified)"
Chevron Exploration (representative office),"LINK: https://www.google.com/maps/search/?api=1&query=Chevron+Exploration+Dhaka+Bangladesh ADDRESS: Gulshan, Dhaka (address to be verified)"
PRAN-RFL Group Gulshan Office (representative),"LINK: https://www.google.com/maps/search/?api=1&query=PRAN+RFL+Group+Dhaka+Bangladesh ADDRESS: Gulshan, Dhaka (address to be verified)"
Square Group Gulshan Office (representative),"LINK: https://www.google.com/maps/search/?api=1&query=Square+Group+Dhaka+Bangladesh ADDRESS: Gulshan, Dhaka (address to be verified)"
Unilever Bangladesh (Gulshan liaison office),"LINK: https://www.google.com/maps/search/?api=1&query=Unilever+Bangladesh+Dhaka+Bangladesh ADDRESS: Gulshan, Dhaka (address to be verified)"
Nestle Bangladesh (Gulshan liaison office),"LINK: https://www.google.com/maps/search/?api=1&query=Nestle+Bangladesh+Dhaka+Bangladesh ADDRESS: Gulshan, Dhaka (address to be verified)"
Transcom Group Gulshan office (representative),"LINK: https://www.google.com/maps/search/?api=1&query=Transcom+Group+Dhaka+Bangladesh ADDRESS: Gulshan, Dhaka (address to be verified)"
Media Unlimited Ltd (Gulshan),"LINK: https://www.google.com/maps/search/?api=1&query=Media+Unlimited+Ltd+Dhaka+Bangladesh ADDRESS: Gulshan, Dhaka (address to be verified)"
Bdjobs.com Corporate (Gulshan listing),"LINK: https://www.google.com/maps/search/?api=1&query=Bdjobs.com+Dhaka+Bangladesh ADDRESS: Gulshan, Dhaka (address to be verified)"
Bdnews24.com Office (Gulshan listing),"LINK: https://www.google.com/maps/search/?api=1&query=Bdnews24.com+Dhaka+Bangladesh ADDRESS: Gulshan, Dhaka (address to be verified)"
Prothom Alo (Gulshan bureau),"LINK: https://www.google.com/maps/search/?api=1&query=Prothom+Alo+Dhaka+Bangladesh ADDRESS: Gulshan, Dhaka (address to be verified)"
The Daily Star (Gulshan office),"LINK: https://www.google.com/maps/search/?api=1&query=The+Daily+Star+Dhaka+Bangladesh ADDRESS: Gulshan, Dhaka (address to be verified)"
Tangram Media (Gulshan),"LINK: https://www.google.com/maps/search/?api=1&query=Tangram+Media+Dhaka+Bangladesh ADDRESS: Gulshan, Dhaka (address to be verified)"
Advertising House (Gulshan),"LINK: https://www.google.com/maps/search/?api=1&query=Advertising+House+Dhaka+Bangladesh ADDRESS: Gulshan, Dhaka (address to be verified)"
Creative Tribe Ltd (Gulshan),"LINK: https://www.google.com/maps/search/?api=1&query=Creative+Tribe+Ltd+Dhaka+Bangladesh ADDRESS: Gulshan, Dhaka (address to be verified)"
DesignWorks Agency (Gulshan),"LINK: https://www.google.com/maps/search/?api=1&query=DesignWorks+Agency+Dhaka+Bangladesh ADDRESS: Gulshan, Dhaka (address to be verified)"
Tech Valley Solutions (Gulshan),"LINK: https://www.google.com/maps/search/?api=1&query=Tech+Valley+Solutions+Dhaka+Bangladesh ADDRESS: Gulshan, Dhaka (address to be verified)"
Pattern IT Ltd (Gulshan),"LINK: https://www.google.com/maps/search/?api=1&query=Pattern+IT+Ltd+Dhaka+Bangladesh ADDRESS: Gulshan, Dhaka (address to be verified)"
SoftBD Ltd (Gulshan office),"LINK: https://www.google.com/maps/search/?api=1&query=SoftBD+Ltd+Dhaka+Bangladesh ADDRESS: Gulshan, Dhaka (address to be verified)"
DataSoft Systems Bangladesh (Gulshan branch),"LINK: https://www.google.com/maps/search/?api=1&query=DataSoft+Systems+Bangladesh+Dhaka+Bangladesh ADDRESS: Gulshan-1/2, Dhaka (DataSoft branch)"
REVE Systems (Gulshan listing),"LINK: https://www.google.com/maps/search/?api=1&query=REVE+Systems+Dhaka+Bangladesh ADDRESS: Gulshan, Dhaka (address to be verified)"
Evaly (Gulshan representative office),"LINK: https://www.google.com/maps/search/?api=1&query=Evaly+Dhaka+Bangladesh ADDRESS: Gulshan, Dhaka (address to be verified)"
BD Trade Info (Gulshan listing),"LINK: https://www.google.com/maps/search/?api=1&query=BD+Trade+Info+Dhaka+Bangladesh ADDRESS: Gulshan, Dhaka (address to be verified)"
Logistics Express Ltd (Gulshan),"LINK: https://www.google.com/maps/search/?api=1&query=Logistics+Express+Ltd+Dhaka+Bangladesh ADDRESS: Gulshan, Dhaka (address to be verified)"
Translink Shipping (Gulshan),"LINK: https://www.google.com/maps/search/?api=1&query=Translink+Shipping+Dhaka+Bangladesh ADDRESS: Gulshan, Dhaka (address to be verified)"
Bangladesh Export Import Co. (Gulshan),"LINK: https://www.google.com/maps/search/?api=1&query=Bangladesh+Export+Import+Company+Dhaka+Bangladesh ADDRESS: Gulshan, Dhaka (address to be verified)"
Greenline Airlines Office (Gulshan travel desk),"LINK: https://www.google.com/maps/search/?api=1&query=Greenline+Airlines+Office+Dhaka+Bangladesh ADDRESS: Gulshan, Dhaka (address to be verified)"
Travel Express (Gulshan),"LINK: https://www.google.com/maps/search/?api=1&query=Travel+Express+Dhaka+Bangladesh ADDRESS: Gulshan, Dhaka (address to be verified)"
Prime Bank Corporate (Gulshan branch),"LINK: https://www.google.com/maps/search/?api=1&query=Prime+Bank+Corporate+Office+Dhaka+Bangladesh ADDRESS: Gulshan, Dhaka"
City Bank Gulshan Corporate Branch,"LINK: https://www.google.com/maps/search/?api=1&query=City+Bank+Corporate+Branch+Dhaka+Bangladesh ADDRESS: Gulshan, Dhaka"
Mercantile Bank Gulshan Branch,"LINK: https://www.google.com/maps/search/?api=1&query=Mercantile+Bank+Corporate+Branch+Dhaka+Bangladesh ADDRESS: Gulshan, Dhaka (address to be verified)"
Mutual Trust Bank Gulshan Corporate,"LINK: https://www.google.com/maps/search/?api=1&query=Mutual+Trust+Bank+Corporate+Office+Dhaka+Bangladesh ADDRESS: Gulshan, Dhaka (address to be verified)"
Islami Bank Bangladesh Gulshan Branch,"LINK: https://www.google.com/maps/search/?api=1&query=Islami+Bank+Corporate+Office+Dhaka+Bangladesh ADDRESS: Gulshan, Dhaka (address to be verified)"
Social Islami Bank Gulshan Office,"LINK: https://www.google.com/maps/search/?api=1&query=Social+Islami+Bank+Corporate+Office+Dhaka+Bangladesh ADDRESS: Gulshan, Dhaka (address to be verified)"
ICC Bank Representative Office (Gulshan),"LINK: https://www.google.com/maps/search/?api=1&query=ICC+Bank+Representative+Office+Dhaka+Bangladesh ADDRESS: Gulshan, Dhaka (address to be verified)"
BD International Trade Co. (Gulshan),"LINK: https://www.google.com/maps/search/?api=1&query=BD+International+Trade+Company+Dhaka+Bangladesh ADDRESS: Gulshan, Dhaka (address to be verified)"
Alpha Consultants (Gulshan),"LINK: https://www.google.com/maps/search/?api=1&query=Alpha+Consultants+Dhaka+Bangladesh ADDRESS: Gulshan, Dhaka (address to be verified)"
Omega Consultants (Gulshan),"LINK: https://www.google.com/maps/search/?api=1&query=Omega+Consultants+Dhaka+Bangladesh ADDRESS: Gulshan, Dhaka (address to be verified)"
Law Associates (Gulshan law firm),"LINK: https://www.google.com/maps/search/?api=1&query=Law+Associates+Dhaka+Bangladesh ADDRESS: Gulshan, Dhaka (address to be verified)"
Counsel & Co. (Gulshan),"LINK: https://www.google.com/maps/search/?api=1&query=Counsel+and+Company+Architects+Dhaka+Bangladesh ADDRESS: Gulshan, Dhaka (address to be verified)"
Architects Unity (Gulshan office),"LINK: https://www.google.com/maps/search/?api=1&query=Unity+Urban+Design+Studio+Dhaka+Bangladesh ADDRESS: Gulshan, Dhaka (address to be verified)"
Urban Design Studio (Gulshan),"LINK: https://www.google.com/maps/search/?api=1&query=BuildCon+Engineering+Dhaka+Bangladesh ADDRESS: Gulshan, Dhaka (address to be verified)"
BuildCon Engineering (Gulshan),"LINK: https://www.google.com/maps/search/?api=1&query=Real+Estate+Hub+Dhaka+Bangladesh ADDRESS: Gulshan, Dhaka (address to be verified)"
Real Estate Hub (Gulshan),"LINK: https://www.google.com/maps/search/?api=1&query=Property+Linkers+Dhaka+Bangladesh ADDRESS: Gulshan, Dhaka (address to be verified)"
Property Linkers (Gulshan),"LINK: https://www.google.com/maps/search/?api=1&query=Interior+Masters+Dhaka+Bangladesh ADDRESS: Gulshan, Dhaka (address to be verified)"
Interior Masters (Gulshan),"LINK: https://www.google.com/maps/search/?api=1&query=Furniture+House+Dhaka+Bangladesh ADDRESS: Gulshan, Dhaka (address to be verified)"
Furniture House (Gulshan showroom),"LINK: https://www.google.com/maps/search/?api=1&query=IT+Park+Co+Dhaka+Bangladesh ADDRESS: Gulshan, Dhaka (address to be verified)"
IT Park (Gulshan co-working),"LINK: https://www.google.com/maps/search/?api=1&query=Workspace+Dhaka+Bangladesh ADDRESS: Gulshan, Dhaka (address to be verified)"
Co-Workspace Gulshan (serviced office),"LINK: https://www.google.com/maps/search/?api=1&query=Regus+Dhaka+Bangladesh ADDRESS: Gulshan, Dhaka (address to be verified)"
Regus (Gulshan centre),"LINK: https://www.google.com/maps/search/?api=1&query=WeWork+Dhaka+Bangladesh ADDRESS: Gulshan, Dhaka (address to be verified)"
WeWork (Gulshan representative),"LINK: https://www.google.com/maps/search/?api=1&query=Startup+Hub+Dhaka+Bangladesh ADDRESS: Gulshan, Dhaka (address to be verified)"
StartUp Hub Gulshan,"LINK: https://www.google.com/maps/search/?api=1&query=VentureSeed+Dhaka+Bangladesh ADDRESS: Gulshan, Dhaka (address to be verified)"
VentureSeed (Gulshan incubator),"LINK: https://www.google.com/maps/search/?api=1&query=Fintech+Labs+Dhaka+Bangladesh ADDRESS: Gulshan, Dhaka (address to be verified)"
Fintech Labs (Gulshan),"LINK: https://www.google.com/maps/search/?api=1&query=PayTech+Solutions+Dhaka+Bangladesh ADDRESS: Gulshan, Dhaka (address to be verified)"
PayTech Solutions (Gulshan),"LINK: https://www.google.com/maps/search/?api=1&query=MobilePay+Systems+Dhaka+Bangladesh ADDRESS: Gulshan, Dhaka (address to be verified)"
MobilePay Systems (Gulshan office),"LINK: https://www.google.com/maps/search/?api=1&query=HealthTech+Solutions+Dhaka+Bangladesh ADDRESS: Gulshan, Dhaka (address to be verified)"
HealthTech Solutions (Gulshan),"LINK: https://www.google.com/maps/search/?api=1&query=EduTech+Labs+Dhaka+Bangladesh ADDRESS: Gulshan, Dhaka (address to be verified)"
EduTech Labs (Gulshan),"LINK: https://www.google.com/maps/search/?api=1&query=Marketing+Minds+Dhaka+Bangladesh ADDRESS: Gulshan, Dhaka (address to be verified)"
Marketing Minds (Gulshan),"LINK: https://www.google.com/maps/search/?api=1&query=AdPro+Agency+Dhaka+Bangladesh ADDRESS: Gulshan, Dhaka (address to be verified)"
AdPro Agency (Gulshan),"LINK: https://www.google.com/maps/search/?api=1&query=MediaWorks+Dhaka+Bangladesh ADDRESS: Gulshan, Dhaka (address to be verified)"
MediaWorks (Gulshan),"LINK: https://www.google.com/maps/search/?api=1&query=EventHive+Dhaka+Bangladesh ADDRESS: Gulshan, Dhaka (address to be verified)"
EventHive (Gulshan events company),"LINK: https://www.google.com/maps/search/?api=1&query=Wedding+Planners+Co+Dhaka+Bangladesh ADDRESS: Gulshan, Dhaka (address to be verified)"
Wedding Planners Co. (Gulshan),"LINK: https://www.google.com/maps/search/?api=1&query=Fashion+House+Dhaka+Bangladesh ADDRESS: Gulshan, Dhaka (address to be verified)"
Fashion House (Gulshan office),"LINK: https://www.google.com/maps/search/?api=1&query=Textile+Traders+Dhaka+Bangladesh ADDRESS: Gulshan, Dhaka (address to be verified)"
Textile Traders (Gulshan office),"LINK: https://www.google.com/maps/search/?api=1&query=Export+House+Dhaka+Bangladesh ADDRESS: Gulshan, Dhaka (address to be verified)"
Export House (Gulshan),"LINK: https://www.google.com/maps/search/?api=1&query=Import+Solutions+Dhaka+Bangladesh ADDRESS: Gulshan, Dhaka (address to be verified)"
Import Solutions (Gulshan),"LINK: https://www.google.com/maps/search/?api=1&query=Trading+Point+Dhaka+Bangladesh ADDRESS: Gulshan, Dhaka (address to be verified)"
Trading Point (Gulshan),"LINK: https://www.google.com/maps/search/?api=1&query=Wholesale+Mart+Dhaka+Bangladesh ADDRESS: Gulshan, Dhaka (address to be verified)"
Wholesale Mart (Gulshan),"LINK: https://www.google.com/maps/search/?api=1&query=Retail+Group+Dhaka+Bangladesh ADDRESS: Gulshan, Dhaka (address to be verified)"
Retail Group Bangladesh (Gulshan),"LINK: https://www.google.com/maps/search/?api=1&query=Bangladesh+Pharma+Link+Dhaka+Bangladesh ADDRESS: Gulshan, Dhaka (address to be verified)"
Pharma Link BD (Gulshan office),"LINK: https://www.google.com/maps/search/?api=1&query=BD+Medical+Supplies+Ltd+Dhaka+Bangladesh ADDRESS: Gulshan, Dhaka (address to be verified)"
Medical Supplies Ltd (Gulshan),"LINK: https://www.google.com/maps/search/?api=1&query=Clinic+Supplies+Dhaka+Bangladesh ADDRESS: Gulshan, Dhaka (address to be verified)"
Clinic Supplies (Gulshan),"LINK: https://www.google.com/maps/search/?api=1&query=Diagnostic+Equipment+Company+Dhaka+Bangladesh ADDRESS: Gulshan, Dhaka (address to be verified)"
Diagnostic Equipment Co. (Gulshan),"LINK: https://www.google.com/maps/search/?api=1&query=Lab+Suppliers+Dhaka+Bangladesh ADDRESS: Gulshan, Dhaka (address to be verified)"
Lab Suppliers (Gulshan),"LINK: https://www.google.com/maps/search/?api=1&query=Insurance+House+Dhaka+Bangladesh ADDRESS: Gulshan, Dhaka (address to be verified)"
Insurance House (Gulshan),"LINK: https://www.google.com/maps/search/?api=1&query=LifeSecure+Insurance+Dhaka+Bangladesh ADDRESS: Gulshan, Dhaka (address to be verified)"
LifeSecure Insurance (Gulshan),"LINK: https://www.google.com/maps/search/?api=1&query=Assure+Insurance+Dhaka+Bangladesh ADDRESS: Gulshan, Dhaka (address to be verified)"
Assure Insurance (Gulshan),"LINK: https://www.google.com/maps/search/?api=1&query=Brokerage+House+Dhaka+Bangladesh ADDRESS: Gulshan, Dhaka (address to be verified)"
Brokerage House (Gulshan),"LINK: https://www.google.com/maps/search/?api=1&query=Stock+Traders+BD+Dhaka+Bangladesh ADDRESS: Gulshan, Dhaka (address to be verified)"
Stock Traders BD (Gulshan),"LINK: https://www.google.com/maps/search/?api=1&query=Investment+Partners+Dhaka+Bangladesh ADDRESS: Gulshan, Dhaka (address to be verified)"
Investment Partners (Gulshan),"LINK: https://www.google.com/maps/search/?api=1&query=Consultancy+Pros+Dhaka+Bangladesh ADDRESS: Gulshan, Dhaka (address to be verified)"
Consultancy Pros (Gulshan),"LINK: https://www.google.com/maps/search/?api=1&query=HR+Solutions+Ltd+Dhaka+Bangladesh ADDRESS: Gulshan, Dhaka (address to be verified)"
HR Solutions Ltd (Gulshan),"LINK: https://www.google.com/maps/search/?api=1&query=HR%20Solutions%20Ltd%20%28Gulshan%29%20Gulshan%20Dhaka ADDRESS: Gulshan, Dhaka (address to be verified)"
Recruiters BD (Gulshan),"LINK: https://www.google.com/maps/search/?api=1&query=Recruiters%20BD%20%28Gulshan%29%20Gulshan%20Dhaka ADDRESS: Gulshan, Dhaka "
,
,
Bangladesh Bank,"LINK: https://www.google.com/maps/search/?api=1&query=Bangladesh%20Bank%2C%20Motijheel%2C%20Dhaka%2C%20Bangladesh ADDRESS: Bangladesh Bank Bhaban, Motijheel C/A, Dhaka-1000"
Sonali Bank Ltd.,"LINK: https://www.google.com/maps/search/?api=1&query=Sonali%20Bank%20Ltd.%2C%20Motijheel%2C%20Dhaka%2C%20Bangladesh ADDRESS: 78 Motijheel C/A (9th Floor), Dhaka-1000"
Agrani Bank Ltd.,"LINK: https://www.google.com/maps/search/?api=1&query=Agrani%20Bank%20Ltd.%2C%20Motijheel%2C%20Dhaka%2C%20Bangladesh ADDRESS: Agrani Bank Bhaban, 122-124 Motijheel C/A, Dhaka-1000"
Janata Bank Ltd.,"LINK: https://www.google.com/maps/search/?api=1&query=Janata%20Bank%20Ltd.%2C%20Motijheel%2C%20Dhaka%2C%20Bangladesh ADDRESS: Janata Bank Bhaban, 110 Motijheel C/A, Dhaka-1000"
Rupali Bank Ltd.,"LINK: https://www.google.com/maps/search/?api=1&query=Rupali%20Bank%20Ltd.%2C%20Motijheel%2C%20Dhaka%2C%20Bangladesh ADDRESS: 34 Motijheel C/A, Dhaka-1000"
Pubali Bank Ltd.,"LINK: https://www.google.com/maps/search/?api=1&query=Pubali%20Bank%20Ltd.%2C%20Motijheel%2C%20Dhaka%2C%20Bangladesh ADDRESS: 26 Dilkusha C/A, Motijheel, Dhaka-1000"
Eastern Bank PLC,"LINK: https://www.google.com/maps/search/?api=1&query=Eastern%20Bank%20PLC%2C%20Motijheel%2C%20Dhaka%2C%20Bangladesh ADDRESS: The Elite Square (4th Floor), 255-257 Dilkusha C/A, Motijheel, Dhaka-1000"
Mercantile Bank Ltd.,"LINK: https://www.google.com/maps/search/?api=1&query=Mercantile%20Bank%20Ltd.%2C%20Motijheel%2C%20Dhaka%2C%20Bangladesh ADDRESS: Pragati Insurance Bhaban, 20-21 Dilkusha C/A, Motijheel, Dhaka-1000"
IFIC Bank Ltd.,"LINK: https://www.google.com/maps/search/?api=1&query=IFIC%20Bank%20Ltd.%2C%20Motijheel%2C%20Dhaka%2C%20Bangladesh ADDRESS: 68 Dilkusha C/A, Motijheel, Dhaka-1000"
Dutch-Bangla Bank Ltd.,"LINK: https://www.google.com/maps/search/?api=1&query=Dutch-Bangla%20Bank%20Ltd.%2C%20Motijheel%2C%20Dhaka%2C%20Bangladesh ADDRESS: Confident Center, 69 Dilkusha C/A, Motijheel, Dhaka-1000"
Islami Bank Bangladesh Ltd.,"LINK: https://www.google.com/maps/search/?api=1&query=Islami%20Bank%20Bangladesh%20Ltd.%2C%20Motijheel%2C%20Dhaka%2C%20Bangladesh ADDRESS: Lilypond Center, Holding No. 3, RK Mission Road, Motijheel C/A, Dhaka-1000"
City Bank Ltd.,"LINK: https://www.google.com/maps/search/?api=1&query=City%20Bank%20Ltd.%2C%20Motijheel%2C%20Dhaka%2C%20Bangladesh ADDRESS: Motaleb Mansion, 2 RK Mission Road, Dhaka-1000"
Modhumoti Bank Ltd.,"LINK: https://www.google.com/maps/search/?api=1&query=Modhumoti%20Bank%20Ltd.%2C%20Motijheel%2C%20Dhaka%2C%20Bangladesh ADDRESS: DCCI Building, 65-66 Motijheel C/A, Dhaka-1000"
Dhaka Bank Ltd.,"LINK: https://www.google.com/maps/search/?api=1&query=Dhaka%20Bank%20Ltd.%2C%20Motijheel%2C%20Dhaka%2C%20Bangladesh ADDRESS: Modhumita Cinema Hall Building, 158-160 Motijheel C/A, Dhaka-1000"
Citibank N.A.,"LINK: https://www.google.com/maps/search/?api=1&query=Citibank%20N.A.%2C%20Motijheel%2C%20Dhaka%2C%20Bangladesh ADDRESS: 23 Motijheel C/A, Dhaka-1000"
Southeast Bank Ltd.,"LINK: https://www.google.com/maps/search/?api=1&query=Southeast%20Bank%20Ltd.%2C%20Motijheel%2C%20Dhaka%2C%20Bangladesh ADDRESS: 1 Dilkusha C/A (Ground Floor), Motijheel, Dhaka-1000"
National Bank Ltd.,"LINK: https://www.google.com/maps/search/?api=1&query=National%20Bank%20Ltd.%2C%20Motijheel%2C%20Dhaka%2C%20Bangladesh ADDRESS: 9 Dilkusha C/A, Motijheel, Dhaka-1000"
AB Bank Ltd.,"LINK: https://www.google.com/maps/search/?api=1&query=AB%20Bank%20Ltd.%2C%20Motijheel%2C%20Dhaka%2C%20Bangladesh ADDRESS: Karim Chamber (Ground Floor), 99 Motijheel C/A, Dhaka-1000"
BRAC Bank Ltd.,"LINK: https://www.google.com/maps/search/?api=1&query=BRAC%20Bank%20Ltd.%2C%20Motijheel%2C%20Dhaka%2C%20Bangladesh ADDRESS: 1 Rajuk Avenue, Motijheel C/A, Dhaka-1000"
Provati Insurance Company Ltd.,"LINK: https://www.google.com/maps/search/?api=1&query=Provati%20Insurance%20Company%20Ltd.%2C%20Motijheel%2C%20Dhaka%2C%20Bangladesh ADDRESS: 107 Motijheel C/A, Khan Mansion (7th Floor), Dhaka-1000"
Jiban Bima Corporation,"LINK: https://www.google.com/maps/search/?api=1&query=Jiban%20Bima%20Corporation%2C%20Motijheel%2C%20Dhaka%2C%20Bangladesh ADDRESS: Head Office, 24 Motijheel Commercial Area, Dhaka-1000"
Nitol Insurance Co. Ltd.,"LINK: https://www.google.com/maps/search/?api=1&query=Nitol%20Insurance%20Co.%20Ltd.%2C%20Motijheel%2C%20Dhaka%2C%20Bangladesh ADDRESS: City Center (18th Floor), 90/1 Motijheel C/A, Dhaka-1000"
MetLife Bangladesh,"LINK: https://www.google.com/maps/search/?api=1&query=MetLife%20Bangladesh%2C%20Motijheel%2C%20Dhaka%2C%20Bangladesh ADDRESS: MetLife Building, 18-20 Motijheel C/A, Dhaka-1000"
Delta Life Insurance Co. Ltd.,"LINK: https://www.google.com/maps/search/?api=1&query=Delta%20Life%20Insurance%20Co.%20Ltd.%2C%20Motijheel%2C%20Dhaka%2C%20Bangladesh ADDRESS: 20 Motijheel C/A, Dhaka-1000"
Popular Life Insurance Co. Ltd.,"LINK: https://www.google.com/maps/search/?api=1&query=Popular%20Life%20Insurance%20Co.%20Ltd.%2C%20Motijheel%2C%20Dhaka%2C%20Bangladesh ADDRESS: 18 Motijheel C/A, Dhaka-1000"
Tradesworth Group,"LINK: https://www.google.com/maps/search/?api=1&query=Tradesworth%20Group%2C%20Motijheel%2C%20Dhaka%2C%20Bangladesh ADDRESS: 78 Motijheel Commercial Area (1st & 2nd Floor), Dhaka-1000"
Beacon Pharmaceuticals,"LINK: https://www.google.com/maps/search/?api=1&query=Beacon%20Pharmaceuticals%2C%20Motijheel%2C%20Dhaka%2C%20Bangladesh ADDRESS: 122/5 Motijheel C/A, Dhaka-1000"
Orion Group,"LINK: https://www.google.com/maps/search/?api=1&query=Orion%20Group%2C%20Motijheel%2C%20Dhaka%2C%20Bangladesh ADDRESS: 41 Motijheel C/A, Dhaka-1000"
Bangladesh Chemical Industries,"LINK: https://www.google.com/maps/search/?api=1&query=Bangladesh%20Chemical%20Industries%2C%20Motijheel%2C%20Dhaka%2C%20Bangladesh ADDRESS: 34/1 Motijheel C/A, Dhaka-1000"
Akij Group,"LINK: https://www.google.com/maps/search/?api=1&query=Akij%20Group%2C%20Motijheel%2C%20Dhaka%2C%20Bangladesh ADDRESS: Shajeda Tower (4th Floor), 15/17 Sadeak Hossain Khoka Road, Motijheel, Dhaka-1000"
Square Group,"LINK: https://www.google.com/maps/search/?api=1&query=Square%20Group%2C%20Motijheel%2C%20Dhaka%2C%20Bangladesh ADDRESS: Square Centre, 48 Motijheel C/A, Dhaka-1000"
Bashundhara Group,"LINK: https://www.google.com/maps/search/?api=1&query=Bashundhara%20Group%2C%20Motijheel%2C%20Dhaka%2C%20Bangladesh ADDRESS: Bashundhara City (Corporate Office), Panthapath (near Motijheel), Dhaka-1000"
ACI Group,"LINK: https://www.google.com/maps/search/?api=1&query=ACI%20Group%2C%20Motijheel%2C%20Dhaka%2C%20Bangladesh ADDRESS: ACI Centre, 245 Tejgaon I/A (Motijheel access), Dhaka-1208"
Pran-RFL Group,"LINK: https://www.google.com/maps/search/?api=1&query=Pran-RFL%20Group%2C%20Motijheel%2C%20Dhaka%2C%20Bangladesh ADDRESS: 105 Middle Badda (Motijheel-linked), Dhaka-1212"
Abul Khair Group,"LINK: https://www.google.com/maps/search/?api=1&query=Abul%20Khair%20Group%2C%20Motijheel%2C%20Dhaka%2C%20Bangladesh ADDRESS: 15/1 Motijheel C/A, Dhaka-1000"
Meghna Group,"LINK: https://www.google.com/maps/search/?api=1&query=Meghna%20Group%2C%20Motijheel%2C%20Dhaka%2C%20Bangladesh ADDRESS: 58 Ditabongla Sarani, Motijheel, Dhaka-1000"
KDS Group,"LINK: https://www.google.com/maps/search/?api=1&query=KDS%20Group%2C%20Motijheel%2C%20Dhaka%2C%20Bangladesh ADDRESS: 5/6 Motijheel C/A, Dhaka-1000"
DBL Group,"LINK: https://www.google.com/maps/search/?api=1&query=DBL%20Group%2C%20Motijheel%2C%20Dhaka%2C%20Bangladesh ADDRESS: 119/B Motijheel, Dhaka-1000"
RFL Group,"LINK: https://www.google.com/maps/search/?api=1&query=RFL%20Group%2C%20Motijheel%2C%20Dhaka%2C%20Bangladesh ADDRESS: 105 Middle Badda, Dhaka-1212"
Walton Group,"LINK: https://www.google.com/maps/search/?api=1&query=Walton%20Group%2C%20Motijheel%2C%20Dhaka%2C%20Bangladesh ADDRESS: 26/1 Eastern Plaza, Sonar Gaon Road (near Motijheel), Dhaka-1205"
Standard Chartered Bank,"LINK: https://www.google.com/maps/search/?api=1&query=Standard%20Chartered%20Bank%2C%20Motijheel%2C%20Dhaka%2C%20Bangladesh ADDRESS: 1 Motijheel C/A (Ground Floor), Dhaka-1000"
HSBC Bangladesh,"LINK: https://www.google.com/maps/search/?api=1&query=HSBC%20Bangladesh%2C%20Motijheel%2C%20Dhaka%2C%20Bangladesh ADDRESS: 67 Motijheel C/A, Dhaka-1000"
Prime Bank Ltd.,"LINK: https://www.google.com/maps/search/?api=1&query=Prime%20Bank%20Ltd.%2C%20Motijheel%2C%20Dhaka%2C%20Bangladesh ADDRESS: 66 Motijheel C/A, Dhaka-1000"
Trust Bank Ltd.,"LINK: https://www.google.com/maps/search/?api=1&query=Trust%20Bank%20Ltd.%2C%20Motijheel%2C%20Dhaka%2C%20Bangladesh ADDRESS: 34 Motijheel C/A, Dhaka-1000"
United Commercial Bank Ltd.,"LINK: https://www.google.com/maps/search/?api=1&query=United%20Commercial%20Bank%20Ltd.%2C%20Motijheel%2C%20Dhaka%2C%20Bangladesh ADDRESS: 72 Motijheel C/A, Dhaka-1000"
Mutual Trust Bank Ltd.,"LINK: https://www.google.com/maps/search/?api=1&query=Mutual%20Trust%20Bank%20Ltd.%2C%20Motijheel%2C%20Dhaka%2C%20Bangladesh ADDRESS: 111/A Motijheel C/A, Dhaka-1000"
One Bank Ltd.,"LINK: https://www.google.com/maps/search/?api=1&query=One%20Bank%20Ltd.%2C%20Motijheel%2C%20Dhaka%2C%20Bangladesh ADDRESS: 130 Motijheel C/A, Dhaka-1000"
Padma Bank Ltd.,"LINK: https://www.google.com/maps/search/?api=1&query=Padma%20Bank%20Ltd.%2C%20Motijheel%2C%20Dhaka%2C%20Bangladesh ADDRESS: 57 Dilkusha C/A, Dhaka-1000"
NRB Bank Ltd.,"LINK: https://www.google.com/maps/search/?api=1&query=NRB%20Bank%20Ltd.%2C%20Motijheel%2C%20Dhaka%2C%20Bangladesh ADDRESS: 1/A Motijheel C/A, Dhaka-1000"
NRB Commercial Bank Ltd.,"LINK: https://www.google.com/maps/search/?api=1&query=NRB%20Commercial%20Bank%20Ltd.%2C%20Motijheel%2C%20Dhaka%2C%20Bangladesh ADDRESS: 10 Motijheel C/A, Dhaka-1000"
Global Islami Bank Ltd.,"LINK: https://www.google.com/maps/search/?api=1&query=Global%20Islami%20Bank%20Ltd.%2C%20Motijheel%2C%20Dhaka%2C%20Bangladesh ADDRESS: 1/A Motijheel C/A, Dhaka-1000"
Union Bank Ltd.,"LINK: https://www.google.com/maps/search/?api=1&query=Union%20Bank%20Ltd.%2C%20Motijheel%2C%20Dhaka%2C%20Bangladesh ADDRESS: 72 Motijheel C/A, Dhaka-1000"
Midland Bank Ltd.,"LINK: https://www.google.com/maps/search/?api=1&query=Midland%20Bank%20Ltd.%2C%20Motijheel%2C%20Dhaka%2C%20Bangladesh ADDRESS: Dilkusha C/A, Motijheel, Dhaka-1000"
Bengal Commercial Bank Ltd.,"LINK: https://www.google.com/maps/search/?api=1&query=Bengal%20Commercial%20Bank%20Ltd.%2C%20Motijheel%2C%20Dhaka%2C%20Bangladesh ADDRESS: Dilkusha C/A, Motijheel, Dhaka-1000"
Community Bank Bangladesh Ltd.,"LINK: https://www.google.com/maps/search/?api=1&query=Community%20Bank%20Bangladesh%20Ltd.%2C%20Motijheel%2C%20Dhaka%2C%20Bangladesh ADDRESS: Motijheel C/A, Dhaka-1000"
Shimanto Bank Ltd.,"LINK: https://www.google.com/maps/search/?api=1&query=Shimanto%20Bank%20Ltd.%2C%20Motijheel%2C%20Dhaka%2C%20Bangladesh ADDRESS: Motijheel C/A, Dhaka-1000"
South Bangla Agriculture & Commerce Bank Ltd.,"LINK: https://www.google.com/maps/search/?api=1&query=South%20Bangla%20Agriculture%20%26%20Commerce%20Bank%20Ltd.%2C%20Motijheel%2C%20Dhaka%2C%20Bangladesh ADDRESS: Krishi Bhaban, 49-51 Dilkusha C/A, Dhaka-1000"
Peoples Leasing & Financial Services Ltd.,"LINK: https://www.google.com/maps/search/?api=1&query=Peoples%20Leasing%20%26%20Financial%20Services%20Ltd.%2C%20Motijheel%2C%20Dhaka%2C%20Bangladesh ADDRESS: 14 Motijheel C/A, Dhaka-1000"
IDLC Finance Ltd.,"LINK: https://www.google.com/maps/search/?api=1&query=IDLC%20Finance%20Ltd.%2C%20Motijheel%2C%20Dhaka%2C%20Bangladesh ADDRESS: 35 Motijheel C/A, Dhaka-1000"
LankaBangla Finance Ltd.,"LINK: https://www.google.com/maps/search/?api=1&query=LankaBangla%20Finance%20Ltd.%2C%20Motijheel%2C%20Dhaka%2C%20Bangladesh ADDRESS: 23 Motijheel C/A, Dhaka-1000"
IPDC Finance Ltd.,"LINK: https://www.google.com/maps/search/?api=1&query=IPDC%20Finance%20Ltd.%2C%20Motijheel%2C%20Dhaka%2C%20Bangladesh ADDRESS: Motijheel C/A, Dhaka-1000"
BRAC EPL Investments Ltd.,"LINK: https://www.google.com/maps/search/?api=1&query=BRAC%20EPL%20Investments%20Ltd.%2C%20Motijheel%2C%20Dhaka%2C%20Bangladesh ADDRESS: Motijheel C/A, Dhaka-1000"
Green Delta Insurance Co. Ltd.,"LINK: https://www.google.com/maps/search/?api=1&query=Green%20Delta%20Insurance%20Co.%20Ltd.%2C%20Motijheel%2C%20Dhaka%2C%20Bangladesh ADDRESS: Motijheel C/A, Dhaka-1000"
Pragati Insurance Co. Ltd.,"LINK: https://www.google.com/maps/search/?api=1&query=Pragati%20Insurance%20Co.%20Ltd.%2C%20Motijheel%2C%20Dhaka%2C%20Bangladesh ADDRESS: Pragati Insurance Bhaban, 20-21 Dilkusha C/A, Motijheel, Dhaka-1000"
Sadharan Bima Corporation,"LINK: https://www.google.com/maps/search/?api=1&query=Sadharan%20Bima%20Corporation%2C%20Motijheel%2C%20Dhaka%2C%20Bangladesh ADDRESS: 42 Motijheel C/A, Dhaka-1000"
Purbachal Insurance Co. Ltd.,"LINK: https://www.google.com/maps/search/?api=1&query=Purbachal%20Insurance%20Co.%20Ltd.%2C%20Motijheel%2C%20Dhaka%2C%20Bangladesh ADDRESS: Motijheel C/A, Dhaka-1000"
Rupali Insurance Co. Ltd.,"LINK: https://www.google.com/maps/search/?api=1&query=Rupali%20Insurance%20Co.%20Ltd.%2C%20Motijheel%2C%20Dhaka%2C%20Bangladesh ADDRESS: 34 Motijheel C/A, Dhaka-1000"
Asia Insurance Co. Ltd.,"LINK: https://www.google.com/maps/search/?api=1&query=Asia%20Insurance%20Co.%20Ltd.%2C%20Motijheel%2C%20Dhaka%2C%20Bangladesh ADDRESS: Motijheel C/A, Dhaka-1000"
Bima Bima Corporation,"LINK: https://www.google.com/maps/search/?api=1&query=Bima%20Bima%20Corporation%2C%20Motijheel%2C%20Dhaka%2C%20Bangladesh ADDRESS: Motijheel C/A, Dhaka-1000"
Karnaphuli Insurance Co. Ltd.,"LINK: https://www.google.com/maps/search/?api=1&query=Karnaphuli%20Insurance%20Co.%20Ltd.%2C%20Motijheel%2C%20Dhaka%2C%20Bangladesh ADDRESS: Meghna Life-Karnaphuli Bima Bhaban (13th Floor), 11/B & D, Toyenbee Circular Road, Motijheel C/A, Dhaka-1000"
Navana Group,"LINK: https://www.google.com/maps/search/?api=1&query=Navana%20Group%2C%20Motijheel%2C%20Dhaka%2C%20Bangladesh ADDRESS: 3/C Purana Paltan, Motijheel C/A, Dhaka-1000"
Ha-Meem Group,"LINK: https://www.google.com/maps/search/?api=1&query=Ha-Meem%20Group%2C%20Motijheel%2C%20Dhaka%2C%20Bangladesh ADDRESS: Motijheel C/A, Dhaka-1000"
S Alam Group,"LINK: https://www.google.com/maps/search/?api=1&query=S%20Alam%20Group%2C%20Motijheel%2C%20Dhaka%2C%20Bangladesh ADDRESS: Sharif Mansion (6th Floor), 56-57 Motijheel C/A, Dhaka-1000"
City Group,"LINK: https://www.google.com/maps/search/?api=1&query=City%20Group%2C%20Motijheel%2C%20Dhaka%2C%20Bangladesh ADDRESS: 10 Motijheel C/A, Dhaka-1000"
Paper Source International Ltd.,"LINK: https://www.google.com/maps/search/?api=1&query=Paper%20Source%20International%20Ltd.%2C%20Motijheel%2C%20Dhaka%2C%20Bangladesh ADDRESS: 17 Motijheel C/A, Dhaka-1000"
Monno Group,"LINK: https://www.google.com/maps/search/?api=1&query=Monno%20Group%2C%20Motijheel%2C%20Dhaka%2C%20Bangladesh ADDRESS: Motijheel C/A, Dhaka-1000"
Aristopharma Ltd.,"LINK: https://www.google.com/maps/search/?api=1&query=Aristopharma%20Ltd.%2C%20Motijheel%2C%20Dhaka%2C%20Bangladesh ADDRESS: Motijheel C/A, Dhaka-1000"
Incepta Pharmaceuticals Ltd.,"LINK: https://www.google.com/maps/search/?api=1&query=Incepta%20Pharmaceuticals%20Ltd.%2C%20Motijheel%2C%20Dhaka%2C%20Bangladesh ADDRESS: Motijheel C/A, Dhaka-1000"
Renata Ltd.,"LINK: https://www.google.com/maps/search/?api=1&query=Renata%20Ltd.%2C%20Motijheel%2C%20Dhaka%2C%20Bangladesh ADDRESS: Motijheel C/A, Dhaka-1000"
Beximco Pharmaceuticals Ltd.,"LINK: https://www.google.com/maps/search/?api=1&query=Beximco%20Pharmaceuticals%20Ltd.%2C%20Motijheel%2C%20Dhaka%2C%20Bangladesh ADDRESS: Chamber Building (4th Floor), 122-124 Motijheel C/A, Dhaka-1000"
SK+F Pharmaceuticals Ltd.,"LINK: https://www.google.com/maps/search/?api=1&query=SK%2BF%20Pharmaceuticals%20Ltd.%2C%20Motijheel%2C%20Dhaka%2C%20Bangladesh ADDRESS: Motijheel C/A, Dhaka-1000"
Opsonin Pharma Ltd.,"LINK: https://www.google.com/maps/search/?api=1&query=Opsonin%20Pharma%20Ltd.%2C%20Motijheel%2C%20Dhaka%2C%20Bangladesh ADDRESS: 18 Motijheel C/A, Dhaka-1000"
General Pharmaceuticals Ltd.,"LINK: https://www.google.com/maps/search/?api=1&query=General%20Pharmaceuticals%20Ltd.%2C%20Motijheel%2C%20Dhaka%2C%20Bangladesh ADDRESS: Motijheel C/A, Dhaka-1000"
Square Textiles Ltd.,"LINK: https://www.google.com/maps/search/?api=1&query=Square%20Textiles%20Ltd.%2C%20Motijheel%2C%20Dhaka%2C%20Bangladesh ADDRESS: Square Centre, 48 Motijheel C/A, Dhaka-1000"
DBL Ceramics Ltd.,"LINK: https://www.google.com/maps/search/?api=1&query=DBL%20Ceramics%20Ltd.%2C%20Motijheel%2C%20Dhaka%2C%20Bangladesh ADDRESS: 119/B Motijheel, Dhaka-1000"
RAK Ceramics (Bangladesh) Ltd.,"LINK: https://www.google.com/maps/search/?api=1&query=RAK%20Ceramics%20%28Bangladesh%29%20Ltd.%2C%20Motijheel%2C%20Dhaka%2C%20Bangladesh ADDRESS: Motijheel C/A, Dhaka-1000"
Monno Ceramics Ltd.,"LINK: https://www.google.com/maps/search/?api=1&query=Monno%20Ceramics%20Ltd.%2C%20Motijheel%2C%20Dhaka%2C%20Bangladesh ADDRESS: Motijheel C/A, Dhaka-1000"
Fu-Wang Ceramic Industries Ltd.,"LINK: https://www.google.com/maps/search/?api=1&query=Fu-Wang%20Ceramic%20Industries%20Ltd.%2C%20Motijheel%2C%20Dhaka%2C%20Bangladesh ADDRESS: 24 Motijheel C/A, Dhaka-1000"
Peoples Insurance Co. Ltd.,"LINK: https://www.google.com/maps/search/?api=1&query=Peoples%20Insurance%20Co.%20Ltd.%2C%20Motijheel%2C%20Dhaka%2C%20Bangladesh ADDRESS: 24 Motijheel C/A, Dhaka-1000"
Progressive Life Insurance Co. Ltd.,"LINK: https://www.google.com/maps/search/?api=1&query=Progressive%20Life%20Insurance%20Co.%20Ltd.%2C%20Motijheel%2C%20Dhaka%2C%20Bangladesh ADDRESS: Dilkusha Center (12th Floor), 28 Dilkusha C/A, Dhaka-1000"
Fareast Islami Life Insurance Co. Ltd.,"LINK: https://www.google.com/maps/search/?api=1&query=Fareast%20Islami%20Life%20Insurance%20Co.%20Ltd.%2C%20Motijheel%2C%20Dhaka%2C%20Bangladesh ADDRESS: 32/A Motijheel C/A, Dhaka-1000"
Dhaka Insurance Co. Ltd.,"LINK: https://www.google.com/maps/search/?api=1&query=Dhaka%20Insurance%20Co.%20Ltd.%2C%20Motijheel%2C%20Dhaka%2C%20Bangladesh ADDRESS: 10 dilkusha, Motijheel C/A, Dhaka-1000"
Eastern Insurance Co. Ltd.,"LINK: https://www.google.com/maps/search/?api=1&query=Eastern%20Insurance%20Co.%20Ltd.%2C%20Motijheel%2C%20Dhaka%2C%20Bangladesh ADDRESS: 18 Motijheel C/A, Dhaka-1000"
Home Insurance Co. Ltd.,"LINK: https://www.google.com/maps/search/?api=1&query=Home%20Insurance%20Co.%20Ltd.%2C%20Motijheel%2C%20Dhaka%2C%20Bangladesh ADDRESS: Motijheel C/A, Dhaka-1000"
Paramount Life Insurance Co. Ltd.,"LINK: https://www.google.com/maps/search/?api=1&query=Paramount%20Life%20Insurance%20Co.%20Ltd.%2C%20Motijheel%2C%20Dhaka%2C%20Bangladesh ADDRESS: Motijheel C/A, Dhaka-1000"
Regent Hospital Ltd. (Corporate Wing),"LINK: https://www.google.com/maps/search/?api=1&query=Regent%20Hospital%20Ltd.%20%28Corporate%20Wing%29%2C%20Motijheel%2C%20Dhaka%2C%20Bangladesh ADDRESS: Motijheel C/A (2nd Floor), Dhaka-1000"
Labaid Group (Corporate),"LINK: https://www.google.com/maps/search/?api=1&query=Labaid%20Group%20%28Corporate%29%2C%20Motijheel%2C%20Dhaka%2C%20Bangladesh ADDRESS: House 15, Road 5, Dhanmondi (linked to Motijheel), Dhaka-1205"
Ibn Sina Trust (Corporate),"LINK: https://www.google.com/maps/search/?api=1&query=Ibn%20Sina%20Trust%20%28Corporate%29%2C%20Motijheel%2C%20Dhaka%2C%20Bangladesh ADDRESS: 48 Green Road (near Motijheel), Dhaka-1205"
United Hospital (Corporate Office),"LINK: https://www.google.com/maps/search/?api=1&query=United%20Hospital%20%28Corporate%20Office%29%2C%20Motijheel%2C%20Dhaka%2C%20Bangladesh ADDRESS: Plot 15, Road 71, Gulshan (Motijheel access), Dhaka-1212"
Square Hospitals Ltd. (Corporate),"LINK: https://www.google.com/maps/search/?api=1&query=Square%20Hospitals%20Ltd.%20%28Corporate%29%2C%20Motijheel%2C%20Dhaka%2C%20Bangladesh ADDRESS: Square Centre, 48 Motijheel C/A, Dhaka-1000"
Evercare Hospital (Corporate Branch),"LINK: https://www.google.com/maps/search/?api=1&query=Evercare%20Hospital%20%28Corporate%20Branch%29%2C%20Motijheel%2C%20Dhaka%2C%20Bangladesh ADDRESS: Motijheel C/A, Dhaka-1000"
Apollo Hospitals (Dhaka Corporate),"LINK: https://www.google.com/maps/search/?api=1&query=Apollo%20Hospitals%20%28Dhaka%20Corporate%29%2C%20Motijheel%2C%20Dhaka%2C%20Bangladesh ADDRESS: Motijheel C/A, Dhaka-1000"
AMZ Hospital (Corporate),"LINK: https://www.google.com/maps/search/?api=1&query=AMZ%20Hospital%20%28Corporate%29%2C%20Motijheel%2C%20Dhaka%2C%20Bangladesh ADDRESS: Motijheel C/A, Dhaka-1000"
Medinova Medical Services (Corporate),"LINK: https://www.google.com/maps/search/?api=1&query=Medinova%20Medical%20Services%20%28Corporate%29%2C%20Motijheel%2C%20Dhaka%2C%20Bangladesh ADDRESS: 71/A Dhanmondi (Motijheel access), Dhaka-1205"
Comfort Diagnostic Center (Corporate),"LINK: https://www.google.com/maps/search/?api=1&query=Comfort%20Diagnostic%20Center%20%28Corporate%29%2C%20Motijheel%2C%20Dhaka%2C%20Bangladesh ADDRESS: 167/B Outer Circular Road, Motijheel, Dhaka-1000"
Popular Diagnostic Centre (Corporate HQ),"LINK: https://www.google.com/maps/search/?api=1&query=Popular%20Diagnostic%20Centre%20%28Corporate%20HQ%29%2C%20Motijheel%2C%20Dhaka%2C%20Bangladesh ADDRESS: House No. 11, Shantinagar, Motijheel, Dhaka-1000"
Central Hospital (Corporate Wing),"LINK: https://www.google.com/maps/search/?api=1&query=Central%20Hospital%20%28Corporate%20Wing%29%2C%20Motijheel%2C%20Dhaka%2C%20Bangladesh ADDRESS: 8/3 Baratpool (near Motijheel), Dhaka-1000"
Motijheel Model School & College,"LINK: https://www.google.com/maps/search/?api=1&query=Motijheel%20Model%20School%20%26%20College%2C%20Motijheel%2C%20Dhaka%2C%20Bangladesh ADDRESS: | Motijheel Colony, Outer Circular Road, Dhaka 1000, Bangladesh |"
Motijheel Govt. Boys' High School & College,"LINK: https://www.google.com/maps/search/?api=1&query=Motijheel%20Govt.%20Boys'%20High%20School%20%26%20College%2C%20Motijheel%2C%20Dhaka%2C%20Bangladesh ADDRESS: | Outer Circular Road, Motijheel, Dhaka, Bangladesh |"
Motijheel Govt. Girls' High School,"LINK: https://www.google.com/maps/search/?api=1&query=Motijheel%20Govt.%20Girls'%20High%20School%2C%20Motijheel%2C%20Dhaka%2C%20Bangladesh ADDRESS: | Outer Circular Road, Opposite Islami Bank Hospital, Motijheel, Dhaka, Bangladesh |"
Ideal School & College (Motijheel Campus),"LINK: https://www.google.com/maps/search/?api=1&query=Ideal%20School%20%26%20College%20%28Motijheel%20Campus%29%2C%20Motijheel%2C%20Dhaka%2C%20Bangladesh ADDRESS: | Outer Circular Road, Motijheel, Dhaka 1000, Bangladesh |"
Notre Dame College,"LINK: https://www.google.com/maps/search/?api=1&query=Notre%20Dame%20College%2C%20Motijheel%2C%20Dhaka%2C%20Bangladesh ADDRESS: | Toyenbee Circular Road, Motijheel, Dhaka 1000, Bangladesh |"
Bangladesh Bank High School & College,"LINK: https://www.google.com/maps/search/?api=1&query=Bangladesh%20Bank%20High%20School%20%26%20College%2C%20Motijheel%2C%20Dhaka%2C%20Bangladesh ADDRESS: | Bangladesh Bank Colony, Motijheel, Dhaka, Bangladesh |"
Arambag Girls School & College,"LINK: https://www.google.com/maps/search/?api=1&query=Arambag%20Girls%20School%20%26%20College%2C%20Motijheel%2C%20Dhaka%2C%20Bangladesh ADDRESS: | Arambagh, Motijheel, Dhaka 1000, Bangladesh |"
T & T Ideal High School,"LINK: https://www.google.com/maps/search/?api=1&query=T%20%26%20T%20Ideal%20High%20School%2C%20Motijheel%2C%20Dhaka%2C%20Bangladesh ADDRESS: | Mazar Road, Motijheel, Dhaka 1000, Bangladesh |"
Abujar Ghifari College,"LINK: https://www.google.com/maps/search/?api=1&query=Abujar%20Ghifari%20College%2C%20Motijheel%2C%20Dhaka%2C%20Bangladesh ADDRESS: | 192/1, Malibagh College Road, Motijheel, Dhaka 1217, Bangladesh |"
SOS Herman Gmeiner College,"LINK: https://www.google.com/maps/search/?api=1&query=SOS%20Herman%20Gmeiner%20College%2C%20Motijheel%2C%20Dhaka%2C%20Bangladesh ADDRESS: | Plot No. 3/B, Block A, Section 13, Mirpur, Dhaka 1216, Bangladesh |"
Motijheel Ideal High School,"LINK: https://www.google.com/maps/search/?api=1&query=Motijheel%20Ideal%20High%20School%2C%20Motijheel%2C%20Dhaka%2C%20Bangladesh ADDRESS: | Outer Circular Road, Motijheel, Dhaka 1000, Bangladesh |"
Dhaka Commerce College (Motijheel Branch),"LINK: https://www.google.com/maps/search/?api=1&query=Dhaka%20Commerce%20College%20%28Motijheel%20Branch%29%2C%20Motijheel%2C%20Dhaka%2C%20Bangladesh ADDRESS: | Commerce College Road, Mirpur, Dhaka 1216, Bangladesh (Note: Main campus; no specific Motijheel branch found) |"
Govt. Titumir College (Nearby Extension),"LINK: https://www.google.com/maps/search/?api=1&query=Govt.%20Titumir%20College%20%28Nearby%20Extension%29%2C%20Motijheel%2C%20Dhaka%2C%20Bangladesh ADDRESS: | Bir Uttam AK Khandakar Road, Mohakhali, Dhaka 1212, Bangladesh |"
Ispahani Girls' School & College,"LINK: https://www.google.com/maps/search/?api=1&query=Ispahani%20Girls'%20School%20%26%20College%2C%20Motijheel%2C%20Dhaka%2C%20Bangladesh ADDRESS: | 3, New Eskaton Road, Mogbazar, Dhaka 1000, Bangladesh |"
Viqarunnisa Noon School & College (Motijheel Unit),"LINK: https://www.google.com/maps/search/?api=1&query=Viqarunnisa%20Noon%20School%20%26%20College%20%28Motijheel%20Unit%29%2C%20Motijheel%2C%20Dhaka%2C%20Bangladesh ADDRESS: | 1/A, New Bailey Road, Motijheel, Dhaka 1000, Bangladesh |"
Holy Cross Girls' High School (Motijheel Area),"LINK: https://www.google.com/maps/search/?api=1&query=Holy%20Cross%20Girls'%20High%20School%20%28Motijheel%20Area%29%2C%20Motijheel%2C%20Dhaka%2C%20Bangladesh ADDRESS: | Tejkunipara Road, Tejgaon, Dhaka 1215, Bangladesh |"
St. Joseph International School,"LINK: https://www.google.com/maps/search/?api=1&query=St.%20Joseph%20International%20School%2C%20Motijheel%2C%20Dhaka%2C%20Bangladesh ADDRESS: | 97, Asad Avenue, Mohammadpur, Dhaka 1207, Bangladesh |"
Maple Leaf International School (Motijheel),"LINK: https://www.google.com/maps/search/?api=1&query=Maple%20Leaf%20International%20School%20%28Motijheel%29%2C%20Motijheel%2C%20Dhaka%2C%20Bangladesh ADDRESS: | House-31, Road-14A, Dhanmondi R/A, Dhaka 1209, Bangladesh (Note: Main campus; no specific Motijheel branch found) |"
Willes Little Flower School & College,"LINK: https://www.google.com/maps/search/?api=1&query=Willes%20Little%20Flower%20School%20%26%20College%2C%20Motijheel%2C%20Dhaka%2C%20Bangladesh ADDRESS: | 85, Kakrail, Ramna, Dhaka 1000, Bangladesh |"
Siddheswari Boys' High School (Bordering),"LINK: https://www.google.com/maps/search/?api=1&query=Siddheswari%20Boys'%20High%20School%20%28Bordering%29%2C%20Motijheel%2C%20Dhaka%2C%20Bangladesh ADDRESS: | 77, Siddheswari Road, Ramna, Dhaka 1217, Bangladesh |"
Dhaka Residential Model College (Motijheel),"LINK: https://www.google.com/maps/search/?api=1&query=Dhaka%20Residential%20Model%20College%20%28Motijheel%29%2C%20Motijheel%2C%20Dhaka%2C%20Bangladesh ADDRESS: | Mirpur Road, Mohammadpur, Dhaka 1207, Bangladesh |"
Begum Rokeya University (Affiliated College),"LINK: https://www.google.com/maps/search/?api=1&query=Begum%20Rokeya%20University%20%28Affiliated%20College%29%2C%20Motijheel%2C%20Dhaka%2C%20Bangladesh ADDRESS: | Park Mor, Modern, Rangpur 5404, Bangladesh (Note: Main university campus; affiliated colleges may vary) |"
